-- phpMyAdmin SQL Dump
-- version 5.2.0
-- https://www.phpmyadmin.net/
--
-- Host: 127.0.0.1
-- Generation Time: Jan 12, 2023 at 04:56 PM
-- Server version: 10.4.24-MariaDB
-- PHP Version: 7.4.29

SET SQL_MODE = "NO_AUTO_VALUE_ON_ZERO";
START TRANSACTION;
SET time_zone = "+00:00";


/*!40101 SET @OLD_CHARACTER_SET_CLIENT=@@CHARACTER_SET_CLIENT */;
/*!40101 SET @OLD_CHARACTER_SET_RESULTS=@@CHARACTER_SET_RESULTS */;
/*!40101 SET @OLD_COLLATION_CONNECTION=@@COLLATION_CONNECTION */;
/*!40101 SET NAMES utf8mb4 */;

--
-- Database: `keuangan`
--

-- --------------------------------------------------------

--
-- Table structure for table `admin`
--

CREATE TABLE `admin` (
  `id_admin` int(11) NOT NULL,
  `nama` varchar(40) NOT NULL,
  `email` varchar(40) NOT NULL,
  `pass` varchar(40) NOT NULL
) ENGINE=InnoDB DEFAULT CHARSET=latin1;

--
-- Dumping data for table `admin`
--

INSERT INTO `admin` (`id_admin`, `nama`, `email`, `pass`) VALUES
(1, 'Admin', 'admin@gmail.com', 'admin');

-- --------------------------------------------------------

--
-- Table structure for table `catatan`
--

CREATE TABLE `catatan` (
  `id_catatan` int(11) NOT NULL,
  `catatan` text NOT NULL
) ENGINE=InnoDB DEFAULT CHARSET=latin1;

--
-- Dumping data for table `catatan`
--

INSERT INTO `catatan` (`id_catatan`, `catatan`) VALUES
(1, 'Besok, Hari minggu akan ada kunjungan dari pihak dinas untuk mengecek kinerja karyawan.'),
(2, 'Hari Kamis jam 8 akan ada rapat, diharapkan kepada semua karyawan agar dapat berhadir.'),
(3, 'Tingkatkan lagi pendapatan, dan minimalkan pengeluaran'),
(4, 'tgl 6 domain dan hosting banyak yang akan expired, dan harus diperpanjang lagi');

-- --------------------------------------------------------

--
-- Table structure for table `hutang`
--

CREATE TABLE `hutang` (
  `id_hutang` int(11) NOT NULL,
  `jumlah` int(11) NOT NULL,
  `tgl_hutang` date NOT NULL,
  `alasan` text NOT NULL,
  `penghutang` varchar(40) NOT NULL
) ENGINE=InnoDB DEFAULT CHARSET=latin1;

--
-- Dumping data for table `hutang`
--

INSERT INTO `hutang` (`id_hutang`, `jumlah`, `tgl_hutang`, `alasan`, `penghutang`) VALUES
(18, 50000, '2023-01-11', 'Beli Pertamax', 'Raffi'),
(19, 15000, '2023-01-12', 'Beli Nasi Goreng', 'Saufi');

-- --------------------------------------------------------

--
-- Table structure for table `karyawan`
--

CREATE TABLE `karyawan` (
  `id_karyawan` int(11) NOT NULL,
  `nama` varchar(40) NOT NULL,
  `posisi` varchar(40) NOT NULL,
  `alamat` varchar(40) NOT NULL,
  `umur` int(11) NOT NULL,
  `kontak` varchar(40) NOT NULL
) ENGINE=InnoDB DEFAULT CHARSET=latin1;

--
-- Dumping data for table `karyawan`
--

INSERT INTO `karyawan` (`id_karyawan`, `nama`, `posisi`, `alamat`, `umur`, `kontak`) VALUES
(1, 'Saufi', 'Sekretaris', 'Banjarmasin Timur', 44, '082332442552'),
(6, 'Raffi', 'Seksi Keamanan', 'Banjarmasin Tengah', 56, '081223443553');

-- --------------------------------------------------------

--
-- Table structure for table `pemasukan`
--

CREATE TABLE `pemasukan` (
  `id_pemasukan` int(11) NOT NULL,
  `tgl_pemasukan` date NOT NULL,
  `jumlah` int(11) NOT NULL,
  `id_sumber` int(11) NOT NULL
) ENGINE=InnoDB DEFAULT CHARSET=latin1;

--
-- Dumping data for table `pemasukan`
--

INSERT INTO `pemasukan` (`id_pemasukan`, `tgl_pemasukan`, `jumlah`, `id_sumber`) VALUES
(1, '2022-07-06', 5500000, 1),
(2, '2022-07-09', 7500000, 5),
(3, '2022-07-25', 8500000, 5),
(4, '2022-12-25', 550000, 3),
(5, '2022-12-26', 5700000, 5),
(6, '2022-12-27', 35500000, 1),
(7, '2022-12-28', 75800000, 1),
(8, '2022-12-29', 540000, 2),
(9, '2022-12-30', 760000, 4),
(10, '2022-12-31', 800000, 3),
(11, '2023-01-01', 8500000, 5),
(12, '2023-01-02', 800000, 3),
(13, '2023-01-03', 15000000, 1),
(14, '2023-01-04', 35000000, 1),
(15, '2023-01-05', 760000, 2),
(16, '2023-01-06', 8000000, 5),
(17, '2023-01-07', 2500000, 3),
(18, '2023-01-08', 550000, 4),
(19, '2023-01-09', 250000, 2),
(20, '2023-01-10', 250000, 2),
(21, '2023-01-11', 4500000, 5),
(47, '2023-01-12', 2500000, 5);

-- --------------------------------------------------------

--
-- Table structure for table `pengeluaran`
--

CREATE TABLE `pengeluaran` (
  `id_pengeluaran` int(11) NOT NULL,
  `tgl_pengeluaran` date NOT NULL,
  `jumlah` int(11) NOT NULL,
  `id_sumber` int(11) NOT NULL
) ENGINE=InnoDB DEFAULT CHARSET=latin1;

--
-- Dumping data for table `pengeluaran`
--

INSERT INTO `pengeluaran` (`id_pengeluaran`, `tgl_pengeluaran`, `jumlah`, `id_sumber`) VALUES
(1, '2023-01-03', 7500000, 6),
(2, '2023-01-04', 25000000, 7),
(3, '2023-01-05', 5500000, 8),
(4, '2023-01-06', 250000, 9),
(5, '2023-01-07', 750000, 10),
(6, '2023-01-08', 435000, 8),
(7, '2023-01-09', 253000, 9),
(8, '2023-01-10', 750000, 10),
(30, '2023-01-11', 800000, 10),
(31, '2023-01-12', 500000, 10);

-- --------------------------------------------------------

--
-- Table structure for table `sumber`
--

CREATE TABLE `sumber` (
  `id_sumber` int(11) NOT NULL,
  `nama` varchar(40) NOT NULL
) ENGINE=InnoDB DEFAULT CHARSET=latin1;

--
-- Dumping data for table `sumber`
--

INSERT INTO `sumber` (`id_sumber`, `nama`) VALUES
(1, 'Buat Web Pemerintah'),
(2, 'Desain Poster Lomba'),
(3, 'Instalasi Softwre'),
(4, 'Instalasi OS'),
(5, 'Lain-Lain'),
(6, 'Domain'),
(7, 'Hosting'),
(8, 'Listrik'),
(9, 'Wifi'),
(10, 'Lain-lain');

-- --------------------------------------------------------

--
-- Table structure for table `uang`
--

CREATE TABLE `uang` (
  `id_uang` int(11) NOT NULL,
  `tgl_uang` date NOT NULL,
  `id_pengeluaran` int(11) DEFAULT NULL,
  `id_pendapatan` int(11) DEFAULT NULL,
  `jumlah` int(11) NOT NULL
) ENGINE=InnoDB DEFAULT CHARSET=latin1;

--
-- Dumping data for table `uang`
--

INSERT INTO `uang` (`id_uang`, `tgl_uang`, `id_pengeluaran`, `id_pendapatan`, `jumlah`) VALUES
(1, '2019-10-23', NULL, 1, 500000),
(2, '2019-10-24', 2, NULL, 10000);

--
-- Indexes for dumped tables
--

--
-- Indexes for table `admin`
--
ALTER TABLE `admin`
  ADD PRIMARY KEY (`id_admin`);

--
-- Indexes for table `catatan`
--
ALTER TABLE `catatan`
  ADD PRIMARY KEY (`id_catatan`);

--
-- Indexes for table `hutang`
--
ALTER TABLE `hutang`
  ADD PRIMARY KEY (`id_hutang`);

--
-- Indexes for table `karyawan`
--
ALTER TABLE `karyawan`
  ADD PRIMARY KEY (`id_karyawan`);

--
-- Indexes for table `pemasukan`
--
ALTER TABLE `pemasukan`
  ADD PRIMARY KEY (`id_pemasukan`),
  ADD KEY `id_sumber` (`id_sumber`);

--
-- Indexes for table `pengeluaran`
--
ALTER TABLE `pengeluaran`
  ADD PRIMARY KEY (`id_pengeluaran`),
  ADD KEY `id_sumber` (`id_sumber`);

--
-- Indexes for table `sumber`
--
ALTER TABLE `sumber`
  ADD PRIMARY KEY (`id_sumber`);

--
-- Indexes for table `uang`
--
ALTER TABLE `uang`
  ADD PRIMARY KEY (`id_uang`);

--
-- AUTO_INCREMENT for dumped tables
--

--
-- AUTO_INCREMENT for table `admin`
--
ALTER TABLE `admin`
  MODIFY `id_admin` int(11) NOT NULL AUTO_INCREMENT, AUTO_INCREMENT=3;

--
-- AUTO_INCREMENT for table `catatan`
--
ALTER TABLE `catatan`
  MODIFY `id_catatan` int(11) NOT NULL AUTO_INCREMENT, AUTO_INCREMENT=5;

--
-- AUTO_INCREMENT for table `hutang`
--
ALTER TABLE `hutang`
  MODIFY `id_hutang` int(11) NOT NULL AUTO_INCREMENT, AUTO_INCREMENT=20;

--
-- AUTO_INCREMENT for table `karyawan`
--
ALTER TABLE `karyawan`
  MODIFY `id_karyawan` int(11) NOT NULL AUTO_INCREMENT, AUTO_INCREMENT=7;

--
-- AUTO_INCREMENT for table `pemasukan`
--
ALTER TABLE `pemasukan`
  MODIFY `id_pemasukan` int(11) NOT NULL AUTO_INCREMENT, AUTO_INCREMENT=48;

--
-- AUTO_INCREMENT for table `pengeluaran`
--
ALTER TABLE `pengeluaran`
  MODIFY `id_pengeluaran` int(11) NOT NULL AUTO_INCREMENT, AUTO_INCREMENT=32;

--
-- AUTO_INCREMENT for table `sumber`
--
ALTER TABLE `sumber`
  MODIFY `id_sumber` int(11) NOT NULL AUTO_INCREMENT, AUTO_INCREMENT=11;

--
-- AUTO_INCREMENT for table `uang`
--
ALTER TABLE `uang`
  MODIFY `id_uang` int(11) NOT NULL AUTO_INCREMENT, AUTO_INCREMENT=3;
COMMIT;

/*!40101 SET CHARACTER_SET_CLIENT=@OLD_CHARACTER_SET_CLIENT */;
/*!40101 SET CHARACTER_SET_RESULTS=@OLD_CHARACTER_SET_RESULTS */;
/*!40101 SET COLLATION_CONNECTION=@OLD_COLLATION_CONNECTION */;
